GVKEY,Company Name,Ticker,CIK,Is the folder present?,,
1356,ALCOA INC,AA.3,,No,,
1078,ABBOTT LABORATORIES,ABT,1800,Yes,,
30697,AFFILIATED COMPUTER SERVICES,ACS,2135,Yes,,
1161,ADVANCED MICRO DEVICES,AMD,2488,Yes,,
1209,AIR PRODUCTS & CHEMICALS INC,APD,2969,No,,
1619,AMSOUTH BANCORPORATION,ASO.1,3133,No,,
1240,ALBERTSON'S INC,ABS.1,3333,No,,
1246,IKON OFFICE SOLUTIONS,IKN,3370,No,,
1253,ALEXANDER & ALEXANDER,AAL.1,3449,No,,
1279,ALLEGHENY ENERGY INC,AYE,3673,Yes,,
1327,SKYWORKS SOLUTIONS INC,SWKS,4127,Yes,,
28192,ARCONIC INC,ARNC,4281,No,,
1243,ALCAN INC,AL.1,4285,No,,
1359,ALZA CORP,AZA.1,4310,No,,
1365,AMAX INC,AMX.2,4363,No,,
1392,AMDAHL CORP,AMH.1,4427,No,,
1380,HESS CORP,HES,4447,Yes,,
1430,AMERICAN CYANAMID CO,ACY.1,4829,No,,
1440,AMERICAN ELECTRIC POWER CO,AEP,4904,Yes,,
1447,AMERICAN EXPRESS CO,AXP,4962,No,,
1449,AFLAC INC,AFL,4977,Yes,,
1465,AMERICAN GENERAL CORP,AGC.1,5103,Yes,,
1468,AMERICAN GREETINGS  -CL A,AM.1,5133,Yes,,
1478,WYETH,WYE,5187,No,,
1487,AMERICAN INTERNATIONAL GROUP,AIG,5272,Yes,,
12726,UNUM GROUP,UNM,5513,Yes,,
1581,AT&T CORP,T.2,5907,No,,
1608,AMP INC,AMP.2,6164,No,,
1045,AMERICAN AIRLINES GROUP INC,AAL,6201,Yes,,
1632,ANALOG DEVICES,ADI,6281,No,,
1678,APACHE CORP,APA,6769,Yes,,
1704,APPLIED MATERIALS INC,AMAT,6951,Yes,,
1722,ARCHER-DANIELS-MIDLAND CO,ADM,7084,Yes,,
1746,NORAM ENERGY CORP,CNP2,7314,No,,
9904,SOUTHWESTERN ENERGY CO,SWN,7332,Yes,,
1755,ARMCO INC,AS.,7383,No,,
1789,ASARCO INC,AR.2,7649,No,,
1831,ASSOCIATES FIRST CAP -CL A,AFS,7974,Yes,,
1891,AUTOMATIC DATA PROCESSING,ADP,8670,Yes,,
1913,AVERY DENNISON CORP,AVY,8818,Yes,,
1920,AVON PRODUCTS,AVP,8868,Yes,,
2159,BENEFICIAL CORP,BNL.1,8960,No,,
1988,BALL CORP,BLL,9389,No,,
1990,BALLY ENTERTAINMENT CORP,BLY,9435,No,,
2029,BANKERS TRUST CORP,BT.2,9749,No,,
2044,BARD (C.R.) INC,BCR,9892,Yes,,
2051,BARNETT BANKS INC,BBI.2,10012,No,,
13365,BARR PHARMACEUTICALS INC,BRL,10081,Yes,,
2080,BASSETT FURNITURE INDS,BSET,10329,No,,
2086,BAXTER INTERNATIONAL INC,BAX,10456,Yes,,
2111,BECTON DICKINSON & CO,BDX,10795,Yes,,
2154,BEMIS CO INC,BMS,11199,Yes,,
2189,BETHLEHEM STEEL CORP,3BHMSQ,11860,Yes,,
2255,BLACK & DECKER CORP,BDK,12355,Yes,,
2269,BLOCK H & R INC,HRB,12659,Yes,,
2285,BOEING CO,BA,12927,Yes,,
2290,OFFICEMAX INC,OMX,12978,Yes,,
2316,HEXION INC,0141A,13239,No,,
2393,BRIGGS & STRATTON,BGG,14195,No,,
2403,BRISTOL-MYERS SQUIBB CO,BMY,14272,Yes,,
2433,BNS HOLDING CO,BNSSA,14637,No,,
2435,BROWN FORMAN CORP,BF.B,14693,Yes,,
2436,CALERES INC,CAL,14707,No,,
2439,BROWNING-FERRIS INDS,BFI.,14827,No,,
2443,BRUNOS INC,BRNO20,14920,No,,
2444,BRUNSWICK CORP,BC,14930,No,,
6831,LUBYS INC,LUB,16099,No,,
2663,CAMPBELL SOUP CO,CPB,16732,Yes,,
2710,CONSTELLATION BRANDS,STZ,16918,Yes,,
2729,CAPITAL CITIES/ABC INC,CCB.2,17109,No,,
65351,PROVIDIAN CORP,PVN.2,17206,No,,
2817,CATERPILLAR INC,CAT,18230,Yes,,
13041,SYNOVUS FINANCIAL CORP,SNV,18349,Yes,,
2529,CBS INC,CBS.1,18366,No,,
5109,GENESCO INC,GCO,18498,No,,
2845,CENTEX CORP,CTX.2,18532,Yes,,
2847,CENTRAL & SOUTH WEST CORP,CSR.1,18540,Yes,,
2884,CENTURYLINK INC,CTL,18926,Yes,,
2917,CHAMPION INTERNATIONAL CORP,CHA.3,19150,Yes,,
2938,CHARMING SHOPPES INC,CHRS.1,19353,No,,
2943,CHASE MANHATTAN CORP  -OLD,CMB.1,19489,No,,
2968,JPMORGAN CHASE & CO,JPM,19617,No,,
3024,CHUBB CORP,CB.1,20171,No,,
14824,CINCINNATI FINANCIAL CORP,CINF,20286,Yes,,
2549,CIT GROUP INC-OLD,CIT.1,20388,Yes,,
3066,CITICORP,3614B,20405,No,,
135484,FRONTIER COMMUNICATIONS CORP,FTR,20520,Yes,,
3121,CLOROX CO/DE,CLX,21076,Yes,,
2558,CNA FINANCIAL CORP,CNA,21175,No,,
3130,EL PASO CGP CO,EP2,21267,Yes,,
3144,COCA-COLA CO,KO,21344,No,,
3170,COLGATE-PALMOLIVE CO,CL,21665,Yes,,
3206,COLUMBIA ENERGY GROUP,NI2,22099,No,,
3276,TRANSITIONAL HOSPITALS CP,THY,22764,No,,
3362,CONAGRA BRANDS INC,CAG,23217,Yes,,
9411,HILLSHIRE BRANDS CO,HSH,23666,Yes,,
3416,CON-WAY INC,CNW,23675,No,,
3419,CONSOLIDATED NATURAL GAS CO,D2,23738,Yes,,
3459,CONTINENTAL CORP,CIC.3,24011,No,,
3502,COOPER TIRE & RUBBER CO,CTB,24491,Yes,,
3505,MOLSON COORS BREWING CO,TAP,24545,Yes,,
3532,CORNING INC,GLW,24741,Yes,,
3542,CORROON & BLACK CORP,CBL.1,24975,No,,
3555,COUNTRYWIDE FINANCIAL CORP,CFC.3,25191,No,,
3580,CRANE CO,CR,25445,Yes,,
3586,CRAY RESEARCH,CYR.1,25506,No,,
3650,CUMMINS INC,CMI,26172,Yes,,
3734,DANA INC,DAN,26780,Yes,,
3760,DATA GENERAL CORP,DGN.,26999,No,,
3813,TARGET CORP,TGT,27419,Yes,,
3851,DELTA AIR LINES INC,DAL,27904,No,,
3863,DELUXE CORP,DLX,27996,Yes,,
3231,COMERICA INC,CMA,28412,Yes,,
3955,DIGITAL EQUIPMENT,DEC.1,28887,No,,
3964,DILLARDS INC  -CL A,DDS,28917,No,,
4016,DOLLAR GENERAL CORP,DG,29534,No,,
4040,DONNELLEY (R R) & SONS CO,RRD,29669,Yes,,
4058,DOVER CORP,DOV,29905,Yes,,
4062,DOW JONES & CO INC,DJ,29924,Yes,,
4066,OMNICOM GROUP,OMC,29989,Yes,,
4073,DRESSER INDUSTRIES INC,DI.,30099,No,,
4087,DU PONT (E I) DE NEMOURS,DD.2,30554,Yes,,
4108,FLOWSERVE CORP,FLS,30625,Yes,,
4159,E-SYSTEMS INC,ESY.1,30875,No,,
4194,EASTMAN KODAK CO,KODK,31235,Yes,,
4204,ECHLIN INC,ECH.1,31348,No,,
4213,ECOLAB INC,ECL,31462,Yes,,
4145,PERKINELMER INC,PKI,31791,Yes,,
4321,EMERSON ELECTRIC CO,EMR,32604,Yes,,
4393,TXU GAS CO,TXU2,33015,No,,
4423,EQUIFAX INC,EFX,33185,No,,
4430,EQT CORP,EQT,33213,No,,
4503,EXXON MOBIL CORP,XOM,34088,Yes,,
4560,FAMILY DOLLAR STORES,FDO,34408,No,,
4603,FEDERAL PAPER BOARD CO,FBO,34891,No,,
4605,FEDERAL REALTY INVESTMENT TR,FRT,34903,No,,
4640,FIFTH THIRD BANCORP,FITB,35527,Yes,,
4723,U S BANCORP,USB,36104,Yes,,
4689,FIRST CHICAGO CORP,FNB.,36161,No,,
4699,M & T BANK CORP,MTB,36270,Yes,,
2014,BANKBOSTON CORP,BKB.2,36672,No,,
4737,FIRST HORIZON NATIONAL CORP,FHN,36966,No,,
4739,WACHOVIA CORP,WB.3,36995,Yes,,
141400,MASSEY ENERGY CO,MEE,37748,No,,
4510,FMC CORP,FMC,37785,Yes,,
4839,FORD MOTOR CO,F,37996,Yes,,
4843,FOREST LABORATORIES  -CL A,FRX,38074,No,,
4885,FRANKLIN RESOURCES INC,BEN,38777,Yes,,
4988,TEGNA INC,TGNA,39899,Yes,,
4990,GAP INC,GPS,39911,Yes,,
2281,BOATMENS BANCSHARES INC,BOAT.,40454,No,,
5038,HARCOURT GENERAL INC,H.2,40493,Yes,,
5046,GENERAL DYNAMICS CORP,GD,40533,Yes,,
5047,GENERAL ELECTRIC CO,GE,40545,No,,
5071,GENERAL MILLS INC,GIS,40704,No,,
5079,GPU INC,GPU.,40779,Yes,,
4961,GTE CORP,GTE.1,40858,Yes,,
5125,GENUINE PARTS CO,GPC,40987,No,,
5134,GEORGIA-PACIFIC CORP,GP.1,41077,Yes,,
5141,GERBER PRODUCTS CO,GEB.1,41130,No,,
5151,GIANT FOOD INC  -CL A,GFS.A,41289,No,,
5169,GILLETTE CO,G.1,41499,Yes,,
5211,MIRAGE RESORTS INC,MIR.1,42246,No,,
5216,GOLDEN WEST FINANCIAL CORP,GDW,42293,Yes,,
5229,GOODRICH CORP,GR,42542,No,,
5234,GOODYEAR TIRE & RUBBER CO,GT,42582,Yes,,
5301,GREAT ATLANTIC & PAC TEA CO,GAPTQ,43300,Yes,,
5306,GREAT LAKES CHEMICAL CORP,GLK.1,43362,No,,
5314,GREAT NORTHERN NEKOOSA CORP,GNN,43414,No,,
5321,GREAT WESTERN FINANCIAL,GWF.,43512,No,,
5361,GRUMMAN CORP,GQ.1,44279,No,,
5378,PARAMOUNT COMMUNICATIONS INC,PCI.3,44482,No,,
5439,HALLIBURTON CO,HAL,45012,Yes,,
5468,HARCOURT BRACE JOVANOVICH,HBJ,45529,No,,
5476,HARLAND (JOHN H.) CO,JH,45599,No,,
5518,HASBRO INC,HAS,46080,No,,
5581,HELMERICH & PAYNE,HP,46765,Yes,,
5589,HERCULES INC,HPC,46989,Yes,,
5597,HERSHEY CO,HSY,47111,Yes,,
5606,HP INC,HPQ,47217,Yes,,
5667,HOLLYFRONTIER CORP,HFC,48039,No,,
5693,HONEYWELL INC,HON.Z,48305,No,,
5709,HORMEL FOODS CORP,HRL,48465,Yes,,
27914,HUMANA INC,HUM,49071,Yes,,
5786,HUNTINGTON BANCSHARES,HBAN,49196,No,,
5878,ILLINOIS TOOL WORKS,ITW,49826,Yes,,
5905,INCO LTD,INCLF,49996,No,,
10466,ANDEAVOR,ANDV,50104,Yes,,
4764,FLEETBOSTON FINANCIAL CORP,FBF,50341,No,,
6008,INTEL CORP,INTC,50863,Yes,,
6025,FURNITURE BRANDS INTL INC,FBNIQ,50957,No,,
6066,INTL BUSINESS MACHINES CORP,IBM,51143,Yes,,
6078,INTL FLAVORS & FRAGRANCES,IFF,51253,Yes,,
6096,MALLINCKRODT INC,MKG,51396,Yes,,
6104,INTL PAPER CO,IP,51434,Yes,,
6136,INTERPUBLIC GROUP OF COS,IPG,51644,Yes,,
6216,JACOBS ENGINEERING GROUP INC,JEC,52988,Yes,,
6226,FORT JAMES CORP,FJ,53117,Yes,,
6241,JEFFERSON-PILOT CORP,JP.1,53347,Yes,,
6288,JOSTENS INC,JOSEA,54050,Yes,,
6335,KANSAS CITY SOUTHERN,KSU,54480,Yes,,
6351,SUNAMERICA INC,SAI.1,54727,No,,
6375,KELLOGG CO,K,55067,Yes,,
6435,KIMBERLY-CLARK CORP,KMB,55785,Yes,,
6502,KROGER CO,KR,56873,Yes,,
6649,LEGGETT & PLATT INC,LEG,58492,No,,
6701,AEROQUIP-VICKERS INC,ANV.1,59198,No,,
6730,LILLY (ELI) & CO,LLY,59478,Yes,,
6734,LIN BROADCASTING,LINB,59498,No,,
6742,LINCOLN NATIONAL CORP,LNC,59558,No,,
6765,LITTON INDUSTRIES INC,LIT.1,59880,No,,
6781,LOEWS CORP,L,60086,Yes,,
6796,LONE STAR INDUSTRIES,LCE,60195,No,,
6807,LORAL CORP,LOR.2,60357,No,,
6819,LOUISIANA LAND & EXPLORATION,LLX.,60512,No,,
6821,LOUISIANA-PACIFIC CORP,LPX,60519,No,,
6829,LOWE'S COS INC,LOW,60667,Yes,,
1013,ADC TELECOMMUNICATIONS INC,ADCT,61478,No,,
6994,MANITOWOC CO,MTW,61986,Yes,,
7003,MANUFACTURERS HANOVER CORP,MHC.1,62119,No,,
7065,MARSH & MCLENNAN COS,MMC,62709,Yes,,
7085,MASCO CORP,MAS,62996,Yes,,
7116,MATTEL INC,MAT,63276,Yes,,
7127,MAY DEPARTMENT STORES CO,MAY.2,63416,No,,
7139,MAYTAG CORP,MYG.1,63541,No,,
7146,MCCORMICK & CO INC,MKC,63754,Yes,,
7154,MCDONALD'S CORP,MCD,63908,Yes,,
7155,MCDONNELL DOUGLAS CORP,MD.1,63917,No,,
7163,S&P GLOBAL INC,SPGI,64040,Yes,,
6864,MCI COMMUNICATIONS,MCIC.,64079,No,,
7238,MELLON FINANCIAL CORP,MEL.3,64782,No,,
7241,CVS HEALTH CORP,CVS,64803,Yes,,
7252,MERCANTILE BANCORPORATION,MTL.3,64907,No,,
7254,MERCANTILE STORES CO INC,MST.,64923,No,,
7260,MEREDITH CORP,MDP,65011,No,,
7267,MERRILL LYNCH & CO INC,BAC2,65100,Yes,,
6856,M/A-COM INC,MAI.1,65771,No,,
1318,ALLTEL CORP,AT.2,65873,Yes,,
7366,ENTERGY CORP,ETR,65984,Yes,,
7409,MILLIPORE CORP,MIL.2,66479,No,,
7435,3M CO,MMM,66740,Yes,,
7475,MOBIL CORP,MOB.2,67182,No,,
7506,MOLEX INC,MOLX,67472,No,,
7515,GENESIS WORLDWIDE INC-OLD,GWOW,67532,No,,
7536,PHARMACIA CORP,PHA.1,67686,No,,
7554,MOORE WALLACE INC,MWI,67931,No,,
7562,MORGAN (J P) & CO,JPM.Z,68100,No,,
7585,MOTOROLA SOLUTIONS INC,MSI,68505,No,,
7679,NALCO CHEMICAL CO,NLC.2,69598,No,,
3527,CORESTATES FINANCIAL CORP,CFL.1,69952,No,,
7711,NATIONAL CITY CORP,NCC,69970,Yes,,
7650,FIRST CHICAGO NBD CORP,FCN.1,70040,No,,
7724,QUANTUM CHEMICAL CORP,CUE.1,70047,No,,
7750,TENET HEALTHCARE CORP,THC,70318,Yes,,
7772,NATIONAL SEMICONDUCTOR CORP,NSM.2,70530,Yes,,
7773,NATIONAL SERVICE INDS INC,NSI.1,70538,No,,
7647,BANK OF AMERICA CORP,BAC,70858,Yes,,
7648,NCR CORP,NCR,70866,Yes,,
7866,NEW YORK TIMES CO  -CL A,NYT,71691,No,,
7904,NICOR INC,GAS.2,72020,No,,
7658,NL INDUSTRIES,NL,72162,No,,
7912,NOBLE ENERGY INC,NBL,72207,Yes,,
7922,NORDSTROM INC,JWN,72333,No,,
7970,EVERSOURCE ENERGY,ES,72741,Yes,,
7977,XCEL ENERGY INC,XEL,72903,No,,
7980,NORTEL NETWORKS CORP,NRTLQ,72911,No,,
8007,WELLS FARGO & CO,WFC,72971,Yes,,
8004,NORTON CO,NRT.3,73104,No,,
7982,NORTHERN TRUST CORP,NTRS,73124,Yes,,
8030,NUCOR CORP,NUE,73309,Yes,,
8093,COVANTA ENERGY CORP,CVGYQ,73902,No,,
10621,TOSCO CORP,TOS.1,74091,No,,
10894,UDR INC,UDR,74208,No,,
8193,OSHKOSH B'GOSH INC  -CL A,GOSHA,75042,No,,
8202,OUTBOARD MARINE CORP,9975B,75149,No,,
8253,PACCAR INC,PCAR,75362,No,,
8290,PACIFICORP,MEC2,75594,No,,
128978,PACKAGING CORP OF AMERICA,PKG,75677,No,,
8299,PAINE WEBBER GROUP,PWJ.,75754,Yes,,
8304,PALL CORP,PLL.1,75829,Yes,,
8358,PARKER-HANNIFIN CORP,PH,76334,No,,
8468,PENNZENERGY CO,PZE.1,77320,No,,
8463,PENTAIR PLC,PNR,77360,No,,
8470,PEOPLES ENERGY CORP,PGL.1,77385,No,,
8475,PEP BOYS-MANNY MOE & JACK,PBY,77449,Yes,,
8479,PEPSICO INC,PEP,77476,Yes,,
8488,APPLIED BIOSYSTEMS INC,ABI.3,77551,Yes,,
23798,PET INC,PT.1,77709,No,,
8530,PFIZER INC,PFE,78003,Yes,,
8536,PHELPS DODGE CORP,PD.1,78066,No,,
8551,PVH CORP,PVH,78239,Yes,,
8596,PIONEER HI-BRED INTERNATIONL,PHB.1,78716,No,,
8606,PITNEY BOWES INC,PBI,78814,No,,
28590,BRINKS CO,BCO,78890,No,,
8657,PRIMARY PDC INC,PRDCQ,79326,No,,
8247,PPG INDUSTRIES INC,PPG,79879,Yes,,
8717,PRECISION CASTPARTS CORP,PCP,79958,No,,
8750,PRIME HOSPITALITY CORP,PDQ.2,80293,No,,
8762,PROCTER & GAMBLE CO,PG,80424,No,,
13341,PROGRESSIVE CORP-OHIO,PGR,80661,No,,
8852,QUAKER OATS CO,OAT.,81371,Yes,,
28701,RALSTON PURINA CO,RAL.,81870,No,,
8960,RAYCHEM CORP,RYC.,82206,No,,
9061,HSBC USA INC,HBC2,83246,Yes,,
9114,REYNOLDS METALS CO,RLM.1,83604,Yes,,
9155,RITE AID CORP,RAD,84129,Yes,,
9195,FRONTIER CORP,FRO.1,84567,No,,
9217,ROHM AND HAAS CO,ROH,84792,No,,
9225,ROLLINS INC,ROL,84839,No,,
9258,ROWAN COMPANIES PLC,RDC,85408,No,,
9267,ROYAL DUTCH PETROLEUM NV,RDPL,85486,No,,
9280,RUBBERMAID INC,RBD,85627,No,,
9293,RUSSELL CORP,RML.1,85812,No,,
9299,RYDER SYSTEM INC,R,85961,Yes,,
9351,SAFECO CORP,SAF,86104,Yes,,
9359,SAFEWAY INC,SWY,86144,No,,
62689,TRAVELERS COS INC,TRV,86312,Yes,,
9406,SANTA FE SNYDER CORP,SFS.1,86772,No,,
9465,SCHLUMBERGER LTD,SLB,87347,Yes,,
9483,SCIENTIFIC-ATLANTA INC,SFA.1,87777,No,,
9514,SCOTT PAPER CO,SPP.3,87949,No,,
9548,SEAGRAM CO LTD,VO.3,88188,No,,
5087,SPX CORP,SPXC,88205,No,,
9577,SECURITY PACIFIC CORP,7448B,88608,No,,
9611,SERVICE CORP INTERNATIONAL,SCI,89089,Yes,,
9635,SHARED MEDICAL SYSTEMS CORP,SMS.2,89415,No,,
9667,SHERWIN-WILLIAMS CO,SHW,89800,Yes,,
9673,SHONEY'S INC,3SHOY,89902,No,,
9699,SIGMA-ALDRICH CORP,SIAL,90185,No,,
1573,AMERICAN STORES CO,ASC.1,90811,No,,
9771,SMITH (A.O.),AOS,91142,No,,
9777,SMUCKER (JM) CO,SJM,91419,Yes,,
9778,SNAP-ON INC,SNA,91440,Yes,,
9783,KEYCORP,KEY,91576,No,,
9880,SOUTHTRUST CORP,SOTR,92081,No,,
9850,SOUTHERN CO,SO,92122,Yes,,
11856,BB&T CORP,BBT,92230,Yes,,
9810,SONAT INC,SNT.1,92236,No,,
9882,SOUTHWEST AIRLINES,LUV,92380,Yes,,
9963,SPRINGS INDUSTRIES  -CL A,SMI.1,93102,Yes,,
9965,SQUARE D CO,SQD.1,93128,No,,
1609,AMOCO CORP,AN.2,93397,No,,
2991,CHEVRON CORP,CVX,93410,Yes,,
10016,STANLEY BLACK & DECKER INC,SWK,93556,Yes,,
10035,STATE STREET CORP,STT,93751,Yes,,
10109,STRIDE RITE CORP,SRR,94887,No,,
10156,SUNOCO INC,SUN.1,95304,No,,
10190,SUPERVALU INC,SVU,95521,Yes,,
10243,SYNTEX CORP,SYN.1,96000,No,,
10247,SYSCO CORP,SYY,96021,Yes,,
6682,JEFFERIES FINANCIAL GRP INC,JEF,96223,Yes,,
10332,RS LEGACY CORP,RSHCQ,96289,No,,
10391,TEKTRONIX INC,TEK.1,96879,No,,
10407,TELEFLEX INC,TFX,96943,No,,
10453,TERADYNE INC,TER,97210,Yes,,
7991,TEREX CORP,TEX,97216,Yes,,
10482,TEXACO INC,TX.2,97349,No,,
10499,TEXAS INSTRUMENTS INC,TXN,97476,Yes,,
10530,THERMO FISHER SCIENTIFIC INC,TMO,97745,Yes,,
10540,THOMAS & BETTS CORP,TNB,97854,Yes,,
13646,TIFFANY & CO,TIF,98246,Yes,,
10581,TIMKEN CO,TKR,98362,Yes,,
10608,TONKA CORP,TKA.,98651,No,,
10669,TRANSAMERICA CORP,TA.1,99189,No,,
10672,TRANSCO ENERGY CO,E.2,99231,No,,
10705,TRAVELERS CORP,TIC.1,99429,No,,
10301,TRW INC,TRW.1,100030,No,,
10793,TYSON FOODS INC  -CL A,TSN,100493,Yes,,
10795,UNITED CONTINENTAL HLDGS INC,UAL,100517,Yes,,
10855,UNION CAMP CORP,UCC.2,100783,No,,
10857,UNION CARBIDE CORP,DOW2,100790,Yes,,
10867,UNION PACIFIC CORP,UNP,100885,Yes,,
10868,UNION PLANTERS CORP,UPC.,100893,No,,
10909,SUMMIT BANCORP,SUB.2,101320,No,,
10931,U S BANCORP-OLD,USBC.,101542,No,,
10950,U S HOME CORP,UH,101640,No,,
7017,MARATHON OIL CORP,MRO,101778,Yes,,
10972,U S SURGICAL CORP,USS.2,101788,No,,
10983,UNITED TECHNOLOGIES CORP,UTX,101829,No,,
10984,SPRINT CORP,S,101830,Yes,,
11049,USLIFE CORP,USH.1,102420,No,,
11060,VF CORP,VFC,103379,Yes,,
11259,WALMART INC,WMT,104169,Yes,,
11278,WANG LABS INC,WANG,104519,No,,
3054,CIRCUIT CITY STORES INC,CCTYQ,104599,Yes,,
11288,WARNER-LAMBERT CO,WLA,104669,No,,
11300,GRAHAM HOLDINGS CO,GHC,104889,No,,
11306,WASTE MANAGEMENT INC-OLD,WMX,104938,No,,
11359,WELLS FARGO & CO -OLD,WFC.Z,105598,No,,
6223,EMCOR GROUP INC,EME,105634,No,,
11366,WENDY'S INTERNATIONAL INC,WEN.2,105668,Yes,,
4710,FIRST INTERSTATE BNCP,I.1,105982,No,,
11399,WESTERN DIGITAL CORP,WDC,106040,Yes,,
11436,CBS CORP -OLD,CBS.2,106413,No,,
11440,WESTMORELAND COAL CO,WLBAQ,106455,No,,
11453,WETTERAU INC,WETT,106521,No,,
11456,WEYERHAEUSER CO,WY,106535,Yes,,
11465,WHIRLPOOL CORP,WHR,106640,Yes,,
11502,WILLAMETTE INDUSTRIES,WLL.1,107189,Yes,,
11506,WILLIAMS COS INC,WMB,107263,No,,
11535,WINN-DIXIE STORES INC,WINN,107681,No,,
11600,WORTHINGTON INDUSTRIES,WOR,108516,Yes,,
11609,WRIGLEY (WM) JR CO,WWY,108601,No,,
11636,XEROX CORP,XRX,108772,Yes,,
11672,TJX COS INC (THE),TJX,109198,Yes,,
11678,ZENITH ELECTRONICS CORP,ZE,109265,No,,
11687,ZIONS BANCORPORATION NA,ZION,109380,Yes,,
11691,ZURN INDUSTRIES INC,ZRN,109446,No,,
10846,UNILEVER NV,UN,110390,No,,
8537,CITIGROUP GLOBAL MKTS HLDGS,C2,200245,No,,
6266,JOHNSON & JOHNSON,JNJ,200406,No,,
5492,HARRIS CORP,HRS,202058,Yes,,
9372,ST JUDE MEDICAL INC,STJ,203077,No,,
11115,VARIAN MEDICAL SYSTEMS INC,VAR,203527,Yes,,
3782,CATTLESALE CO,CTLE.,205239,No,,
6475,KNIGHT-RIDDER INC,KRI,205520,Yes,,
8545,PHILIPS INDUSTRIES INC,PHL.1,205778,No,,
5860,ITT INC,ITT,216228,Yes,,
10519,TEXTRON INC,TXT,217346,Yes,,
5256,GRAINGER (W W) INC,GWW,277135,Yes,,
7727,NATIONAL EDUCATION CORP,NEC,277821,No,,
2574,CSX CORP,CSX,277948,Yes,,
10232,SYMBOL TECHNOLOGIES,SBL.2,278352,Yes,,
7257,MERCK & CO,MRK,310158,Yes,,
5399,HBO & CO,HBOC.1,310377,No,,
4601,FEDERAL NATIONAL MORTGA ASSN,FNMA,310522,Yes,,
1663,ANHEUSER-BUSCH COS INC,BUD.2,310569,Yes,,
10115,STRYKER CORP,SYK,310764,Yes,,
4189,EASTERN ENTERPRISES,EFU.1,311259,Yes,,
3735,DANAHER CORP,DHR,313616,Yes,,
3026,CHURCH & DWIGHT INC,CHD,313927,Yes,,
4768,FLEETWOOD ENTERPRISES INC,FLTWQ,314132,Yes,,
5458,HANDLEMAN CO,HDLM,314727,No,,
2270,ENSCO ROWAN PLC,ESV,314808,Yes,,
10329,TANDEM COMPUTERS INC,TDM.,315180,No,,
3835,DEERE & CO,DE,315189,No,,
2312,ROBERT HALF INTL INC,RHI,315213,Yes,,
3221,AON PLC,AON,315293,Yes,,
6788,RANGE RESOURCES CORP,RRC,315852,Yes,,
3705,DSC COMMUNICATIONS CORP,DIGI.1,316004,No,,
5723,STARWOOD HOTELS&RESORTS WRLD,HOT,316206,Yes,,
13988,SCHWAB (CHARLES) CORP,SCHW,316709,Yes,,
1651,ANDREW CORP,ANDW,317093,Yes,,
5080,GENERAL RE CORP,GRN.1,317745,No,,
10420,TELLABS INC,TLAB,317771,No,,
1602,AMGEN INC,AMGN,318154,Yes,,
5020,GENENTECH INC,DNA,318771,No,,
6304,KLA-TENCOR CORP,KLAC,319201,Yes,,
9563,SEARS ROEBUCK & CO,S.1,319256,Yes,,
7906,NIKE INC  -CL B,NKE,320187,Yes,,
1690,APPLE INC,AAPL,320193,Yes,,
10614,TORCHMARK CORP,TMK,320335,No,,
10277,TECO ENERGY INC,TE,350563,No,,
9063,AUTONATION INC,AN,350698,Yes,,
6036,INTERGRAPH CORP,INGR.,351145,No,,
2230,BIOMET INC,5938B,351346,Yes,,
8325,PANENERGY CORP,PEL.1,351696,No,,
6768,KATE SPADE & CO,KATE,352363,Yes,,
15202,NORTH FORK BANCORPORATION,NFB,352510,No,,
11554,ALLIANT ENERGY CORP,LNT,352541,No,,
11032,UNIVERSAL HEALTH SVCS INC,UHS,352915,Yes,,
4371,ENGELHARD CORP,EC.2,352947,Yes,,
4769,FLEMING COMPANIES INC,FLMIQ,352949,No,,
6097,INTL GAME TECHNOLOGY,IGT.1,353944,Yes,,
4973,ARTHUR J GALLAGHER & CO,AJG,354190,No,,
10815,USF&G CORP,FG.1,354396,No,,
6998,MANOR CARE INC-OLD,MNR.1,354604,No,,
28477,FLIR SYSTEMS INC,FLIR,354908,Yes,,
5680,HOME DEPOT INC,HD,354950,No,,
9545,SEAGATE TECHNOLOGY-OLD,SEG.2,354952,No,,
5735,HSBC FINANCE CORP,HBC1,354964,Yes,,
9298,RYAN'S RESTAURANT GROUP INC,RYAN,355622,No,,
3310,CA INC,CA,356028,No,,
8746,PRICE CO,PCLB.1,356461,No,,
4800,FLORIDA PROGRESS CORP,PGN3,357261,No,,
9168,CALIBER SYSTEMS INC,CBB.1,701708,No,,
9224,SAFETY-KLEEN CORP,SKLNQ,701856,No,,
6733,L BRANDS INC,LB,701985,No,,
7923,NORFOLK SOUTHERN CORP,NSC,702165,Yes,,
6529,LSI CORP,LSI.1,703360,Yes,,
6653,LEGG MASON INC,LM,704051,Yes,,
3011,CHIRON CORP,CHIR.1,706539,Yes,,
6565,LAM RESEARCH CORP,LRCX,707549,Yes,,
7152,MCDERMOTT INTL INC,MDR,708819,Yes,,
12136,SUN MICROSYSTEMS INC,JAVA,709519,Yes,,
12256,STEEL EXCEL INC,SXCL,709804,No,,
3491,BLOCKBUSTER ENMNT CORP,BV.2,710979,No,,
65904,APPLIED MICRO CIRCUITS CORP,AMCC,711065,Yes,,
3504,COOPER COS INC (THE),COO,711404,No,,
10948,U S HEALTHCARE INC,USHC,711405,No,,
6815,LOTUS DEVELOPMENT CORP,LOTS.,711761,No,,
16721,ELECTRONIC ARTS INC,EA,712515,Yes,,
8245,PNC FINANCIAL SVCS GROUP INC,PNC,713676,Yes,,
3282,COMPAQ COMPUTER CORP,CPQ.2,714154,Yes,,
2226,BIOGEN INC-OLD,BGEN,714655,No,,
16784,COMMERCE BANCORP INC/NJ,CBH.1,715096,Yes,,
4029,DOMINION ENERGY INC,D,715957,Yes,,
11649,YRC WORLDWIDE INC,YRCW,716006,No,,
11038,UNOCAL CORP,UCL,716039,No,,
7745,AVATEX CORP,AVATQ,716644,No,,
3041,MILACRON INC,MZIAQ,716823,No,,
7620,MURPHY OIL CORP,MUR,717423,Yes,,
180405,ACTIVISION BLIZZARD INC,ATVI,718877,Yes,,
17120,SVB FINANCIAL GROUP,SIVB,719739,No,,
8898,RAYMOND JAMES FINANCIAL CORP,RJF,720005,No,,
9772,SMITH INTERNATIONAL INC,SII,721083,Yes,,
2751,CARDINAL HEALTH INC,CAH,721371,Yes,,
10631,TOTAL SYSTEM SERVICES INC,TSS,721683,No,,
11135,RATIONAL SOFTWARE CORP,RATL,722056,No,,
4205,ECHO BAY MINES LTD,ECO.2,722080,No,,
7343,MICRON TECHNOLOGY INC,MU,723125,Yes,,
3062,CINTAS CORP,CTAS,723254,No,,
5505,HARTMARX CORP,HTMXQ,723371,No,,
1164,MCI INC,MCIP,723527,No,,
8402,PAYCHEX INC,PAYX,723531,Yes,,
3278,AVIS BUDGET GROUP INC,CAR,723612,Yes,,
3930,MAXUS ENERGY CORP,MXS,724176,No,,
10726,TRIBUNE MEDIA CO,TRCO,726513,No,,
30822,REALTY INCOME CORP,O,726728,Yes,,
5783,HUNT (JB) TRANSPRT SVCS INC,JBHT,728535,No,,
3905,ADTALEM GLOBAL EDUCATION INC,ATGE,730464,Yes,,
10903,UNITEDHEALTH GROUP INC,UNH,731766,Yes,,
4383,ATMOS ENERGY CORP,ATO,731802,No,,
10426,TEMPLE-INLAND INC,TIN,731939,No,,
12233,GENZYME CORP,GENZ,732485,Yes,,
9408,SANTA FE PACIFIC CORP,SFX.2,732639,No,,
2136,VERIZON COMMUNICATIONS INC,VZ,732712,Yes,,
2146,BELLSOUTH CORP,BLS,732713,Yes,,
8044,NYNEX CORP,NYN,732714,No,,
1485,AMERITECH CORP,AIT.1,732715,No,,
8286,PACIFIC TELESIS GROUP,PAC.2,732716,No,,
9899,AT&T INC,T,732717,No,,
61464,MEDIAONE GROUP INC,UMG.Z,732718,No,,
128659,HANCOCK JOHN FINL SVCS INC,JHF,736260,No,,
6557,LAIDLAW INTERNATIONAL INC,LI.3,737874,No,,
10553,3COM CORP,COMS,738076,Yes,,
3373,CONCORD EFS INC,CE.2,740112,No,,
110179,VENTAS INC,VTR,740260,No,,
14256,MAXIM INTEGRATED PRODUCTS,MXIM,743316,Yes,,
5686,HOMESTAKE MINING,HM,743872,Yes,,
22325,XILINX INC,XLNX,743988,Yes,,
4595,FEDDERS CORP,FJCC,744106,No,,
9248,ROSS STORES INC,ROST,745732,Yes,,
4494,EXPEDITORS INTL WASH INC,EXPD,746515,Yes,,
2504,UNISYS CORP,UIS,746838,Yes,,
8118,OLD KENT FINANCIAL CORP,OK.2,746969,No,,
12441,GARTNER INC,IT,749251,No,,
2796,BROADWAY STORES INC,BWY.1,750217,No,,
10187,SUNTRUST BANKS INC,STI,750556,Yes,,
8873,QUESTAR CORP,STR,751652,No,,
4517,NEXTERA ENERGY INC,NEE,753308,Yes,,
9445,SCANA CORP,SCG,754737,Yes,,
6450,KING WORLD PRODUCTIONS INC,KWP,756764,No,,
2055,BARRICK GOLD CORP,GOLD,756894,No,,
10816,USG CORP,USG,757011,No,,
11910,NOVELL INC,NOVL,758004,No,,
21825,CITIZENS FINANCIAL GROUP INC,CFG,759944,No,,
7567,MORRISON KNUDSEN CORP OLD,3MRNKQ,763739,No,,
3107,CLEVELAND-CLIFFS INC,CLF,764065,Yes,,
8543,ALTRIA GROUP INC,MO,764180,Yes,,
2184,BEST BUY CO INC,BBY,764478,Yes,,
1075,PINNACLE WEST CAPITAL CORP,PNW,764622,Yes,,
6802,LONGS DRUG STORES CORP,LDG,764762,Yes,,
5662,HOLIDAY CORP,HIA.1,764898,No,,
13125,HCP INC,HCP,765880,No,,
1230,ALASKA AIR GROUP INC,ALK,766421,No,,
5543,WELLTOWER INC,WELL,766704,Yes,,
23943,PMC-SIERRA INC,PMCS,767920,No,,
14324,ALTERA CORP,ALTR.1,768251,Yes,,
12123,BIG LOTS INC,BIG,768835,Yes,,
1878,AUTODESK INC,ADSK,769397,Yes,,
11993,CYPRUS AMAX MINERALS CO,CYM.1,769589,No,,
9004,REEBOK INTERNATIONAL LTD,RBK,770949,No,,
11985,BATTLE MOUNTAIN GOLD CO,BMG.1,771498,No,,
1194,AHMANSON (H F) & CO,AHM.1,771667,No,,
1300,HONEYWELL INTERNATIONAL INC,HON,773840,No,,
11923,ANADARKO PETROLEUM CORP,APC,773910,Yes,,
11247,WACHOVIA CORP-OLD,WB.1,774203,Yes,,
1848,ATLANTIC RICHFIELD CO,ARC.3,775483,Yes,,
11818,BEAR STEARNS COMPANIES INC,BSC.1,777001,No,,
11811,HENRY (JACK) & ASSOCIATES,JKHY,779152,No,,
13510,DUKE REALTY CORP,DRE,783280,No,,
11550,WEC ENERGY GROUP INC,WEC,783325,No,,
12589,ENCOMPASS HEALTH CORP,EHC,785161,Yes,,
8810,PUBLIC SERVICE ENTRP GRP INC,PEG,788784,Yes,,
12141,MICROSOFT CORP,MSFT,789019,Yes,,
1408,BEAM INC,BEAM,789073,Yes,,
12144,SUNGARD DATA SYSTEMS INC,0139A,789388,Yes,,
14418,MGM RESORTS INTERNATIONAL,MGM,789570,No,,
7938,NACCO INDUSTRIES  -CL A,NC,789933,No,,
12053,EMC CORP/MA,EMC,790070,No,,
6038,INTERLAKE CORP,IK,790929,No,,
3022,CHRYSLER CORP,C.3,791269,No,,
15521,STAPLES INC,SPLS,791519,No,,
12216,LINEAR TECHNOLOGY CORP,LLTC,791907,No,,
12338,HEALTH MANAGEMENT ASSOC,HMA,792985,Yes,,
12389,HARLEY-DAVIDSON INC,HOG,793952,No,,
13440,LEVEL 3 COMMUNICATIONS INC,LVLT,794323,Yes,,
4611,MACY'S INC,M,794367,Yes,,
12689,KB HOME,KBH,795266,Yes,,
12540,ADOBE INC,ADBE,796343,Yes,,
8068,OCCIDENTAL PETROLEUM CORP,OXY,797468,Yes,,
12635,FISERV INC,FISV,798354,Yes,,
14624,OFFICE DEPOT INC,ODP,800240,Yes,,
12788,HARMAN INTERNATIONAL INDS,HAR,800459,Yes,,
13028,PREMARK INTERNATIONAL INC,PMI.2,800575,No,,
13003,JOY GLOBAL INC,JOY,801898,Yes,,
12679,SILICON GRAPHICS INC,SGICQ,802301,Yes,,
12884,COMVERSE TECHNOLOGY INC,CMVT,803014,No,,
12950,AIRGAS INC,ARG,804212,No,,
24800,QUALCOMM INC,QCOM,804328,Yes,,
12850,CERNER CORP,CERN,804753,Yes,,
30128,LEHMAN BROTHERS HOLDINGS INC,LEHMQ,806085,Yes,,
1976,BAKER HUGHES INC,BHI,808362,No,,
6081,NAVISTAR INTERNATIONAL CORP,NAV,808450,Yes,,
3439,CMS ENERGY CORP,CMS,811156,Yes,,
10974,UST INC,UST.1,811669,No,,
17130,SANTANDER HOLDINGS USA INC,STD2,811830,Yes,,
8215,OWENS-ILLINOIS INC,OI,812074,Yes,,
13421,CADENCE DESIGN SYSTEMS INC,CDNS,813672,No,,
13714,CBS CORP,CBS,813828,No,,
7875,NEWELL BRANDS INC,NWL,814453,Yes,,
13561,MBIA INC,MBI,814585,Yes,,
13619,ABIOMED INC,ABMD,815094,No,,
13498,CARNIVAL CORP/PLC (USA),CCL,815097,No,,
14225,FASTENAL CO,FAST,815556,No,,
13599,CELGENE CORP,CELG,816284,Yes,,
178310,TERADATA CORP,TDC,816761,No,,
65345,AMERICAN CAPITAL LTD,ACAS,817473,No,,
13700,DENTSPLY SIRONA INC,XRAY,818479,Yes,,
13644,MCCAW CELLULAR COMM  -CL A,MCAWA,818687,No,,
16751,CHARTER ONE FINANCIAL INC,CF.6,819692,Yes,,
8626,PLACER DOME INC,PDG,819996,No,,
164708,AMERIPRISE FINANCIAL INC,AMP,820027,No,,
14282,AMPHENOL CORP,APH,820313,Yes,,
16478,EOG RESOURCES INC,EOG,821189,Yes,,
8823,PULTEGROUP INC,PHM,822416,No,,
5501,SHAWMUT NATIONAL CORP,SNC.1,823393,No,,
14477,WASTE MANAGEMENT INC,WM,823768,Yes,,
4700,FIRST FIDELITY BANCORP,FFB,823870,No,,
24870,NEXTEL COMMUNICATIONS INC,NXTL,824169,No,,
9846,EDISON INTERNATIONAL,EIX,827052,Yes,,
27965,MICROCHIP TECHNOLOGY INC,MCHP,827054,Yes,,
25434,STARBUCKS CORP,SBUX,829224,Yes,,
8805,PSI RESOURCES INC,CIN2,829966,No,,
3243,CITIGROUP INC,C,831001,Yes,,
14590,FREEPORT-MCMORAN INC,FCX,831259,Yes,,
14535,EW SCRIPPS  -CL A,SSP,832428,Yes,,
15520,SIGNET JEWELERS LTD,SIG,832988,Yes,,
15084,BURLINGTON RESOURCES INC,BR.2,833320,Yes,,
6268,JOHNSON CONTROLS INTL PLC,JCI,833444,No,,
17110,SOLECTRON CORP,SLR,835541,No,,
14650,BMC SOFTWARE INC,BMC,835729,No,,
14565,AMERICAN POWER CONVERSION CP,APCC.,835910,No,,
1567,TRANE INC,TT.2,836102,No,,
14623,NOVELLUS SYSTEMS INC,NVLS.1,836106,No,,
14878,ORYX ENERGY CO,ORX,836442,No,,
15354,ENTERASYS NETWORKS INC,ETS,846909,Yes,,
9113,NABISCO GROUP HOLDINGS CORP,NGH.2,847903,No,,
22140,ALLIED WASTE INDUSTRIES INC,AW,848865,Yes,,
15709,PLUM CREEK TIMBER CO INC,PCL,849213,No,,
15855,SYMANTEC CORP,SYMC,849399,No,,
11584,FOOT LOCKER INC,FL,850209,No,,
15708,ALLERGAN INC,AGN.2,850693,Yes,,
16475,GIDDINGS & LEWIS INC/WI,GIDL,851588,No,,
25119,MOHAWK INDUSTRIES INC,MHK,851968,No,,
18699,PTC INC,PTC,857005,No,,
9911,C & S SOVRAN CORP,CVN.3,857167,No,,
20423,CAESARS ENTERTAINMENT CORP,CZR,858339,Yes,,
20548,CABOT OIL & GAS CORP,COG,858470,Yes,,
20779,CISCO SYSTEMS INC,CSCO,858877,No,,
26011,COMPUWARE CORP,CPWR.1,859014,No,,
20904,HOLOGIC INC,HOLX,859737,No,,
22260,HCA HEALTHCARE INC,HCA,860730,Yes,,
63527,STERICYCLE INC,SRCL,861878,Yes,,
28648,PETSMART INC,PETM,863157,No,,
22794,BJ SERVICES CO,BJS.1,864328,No,,
24893,WHOLE FOODS MARKET INC,WFM,865436,No,,
24316,MONSTER BEVERAGE CORP,MNST,865752,Yes,,
23809,AUTOZONE INC,AZO,866787,Yes,,
29095,MERCURY INTERACTIVE CORP,MERQ,867058,No,,
28256,XTO ENERGY INC,XTO,868809,No,,
100243,AMCOR PLC,AMCR,869428,No,,
1098,ACME-CLEVELAND CORP,AMT.1,869676,No,,
23592,MBNA CORP,KRB,870517,Yes,,
23812,REGENERON PHARMACEUTICALS,REGN,872589,No,,
23945,CEPHALON INC,CEPH,873364,Yes,,
24008,MEDIMMUNE INC,MEDI,873591,No,,
24032,JONES GROUP INC,JNY,874016,Yes,,
24287,AMBAC FINANCIAL GROUP INC,AMBC,874501,No,,
24197,IDEXX LABS INC,IDXX,874716,No,,
24216,AES CORP (THE),AES,874761,Yes,,
61739,HARTFORD FINANCIAL SERVICES,HIG,874766,No,,
24468,BIOGEN INC,BIIB,875045,Yes,,
24318,XL GROUP LTD,XL,875159,Yes,,
24344,VERTEX PHARMACEUTICALS INC,VRTX,875320,No,,
25944,PEOPLESOFT INC,PSFT.,875570,No,,
24379,MGIC INVESTMENT CORP/WI,MTG,876437,No,,
24357,BAY NETWORKS INC,BAY.3,876516,No,,
61676,CITRIX SYSTEMS INC,CTXS,877890,No,,
24607,MANOR CARE INC,HCR.1,878736,Yes,,
24731,KIMCO REALTY CORP,KIM,879101,Yes,,
29127,INCYTE CORP,INCY,879169,No,,
13204,FISHER SCIENTIFIC INTL INC,FSH.2,880430,Yes,,
24803,VITESSE SEMICONDUCTOR CORP,VTSS,880446,No,,
24856,GILEAD SCIENCES INC,GILD,882095,No,,
25340,D R HORTON INC,DHI,882184,No,,
24925,ROPER TECHNOLOGIES INC,ROP,882835,No,,
24975,SYNOPSYS INC,SNPS,883241,No,,
28118,FOSSIL GROUP INC,FOSL,883569,No,,
25157,FIRST DATA CORP,FDC,883980,Yes,,
28191,ROYAL CARIBBEAN CRUISES LTD,RCL,884887,Yes,,
25283,KOHL'S CORP,KSS,885639,Yes,,
25279,BOSTON SCIENTIFIC CORP,BSX,885725,No,,
25338,BED BATH & BEYOND INC,BBBY,886158,Yes,,
114628,GOLDMAN SACHS GROUP INC,GS,886982,Yes,,
5331,CONSECO FINANCE CORP,3CNCEQ1,890175,No,,
25783,MCAFEE INC,MFE,890801,No,,
25880,PATTERSON COS INC,PDCO,891024,Yes,,
26061,IAC/INTERACTIVECORP,IAC,891103,Yes,,
25988,HFS INC,HFS.,891104,No,,
27780,SITE CENTERS CORP,SITC,894315,No,,
27786,CHESAPEAKE ENERGY CORP,CHK,895126,Yes,,
12124,MORGAN STANLEY,MS,895421,Yes,,
5776,GALEN HEALTH CARE INC,GHC.1,895441,No,,
29345,GATEWAY INC,GTW,895812,No,,
28034,CHUBB LTD,CB,896159,Yes,,
27928,INTUIT INC,INTU,896878,No,,
7077,MARTIN MARIETTA CORP,ML.3,897599,No,,
28139,SANMINA CORP,SANM,897723,Yes,,
3426,CONRAIL INC,CRR.3,897732,No,,
28180,O'REILLY AUTOMOTIVE INC,ORLY,898173,Yes,,
28195,JABIL INC,JBL,898293,No,,
28349,ALLSTATE CORP,ALL,899051,Yes,,
30865,CINERGY CORP,DUK6,899652,Yes,,
11220,VORNADO REALTY TRUST,VNO,899689,No,,
62263,ALEXION PHARMACEUTICALS INC,ALXN,899866,Yes,,
29901,COPART INC,CPRT,900075,No,,
29318,AIRTOUCH COMMUNICATIONS-OLD,ATI.1,904255,No,,
28733,EQUITY RESIDENTIAL,EQR,906107,Yes,,
30137,NEKTAR THERAPEUTICS,NKTR,906709,No,,
28742,BORGWARNER INC,BWA,908255,Yes,,
29028,COSTCO WHOLESALE CORP,COST,909832,No,,
29099,REGENCY CENTERS CORP,REG,910606,No,,
29241,VIAVI SOLUTIONS INC,VIAV,912093,Yes,,
29868,MACERICH CO,MAC,912242,Yes,,
29649,MID-AMERICA APT CMNTYS INC,MAA,912595,No,,
29150,URBAN OUTFITTERS INC,URBN,912615,Yes,,
29173,NEWFIELD EXPLORATION CO,NFX,912750,No,,
29849,WESTERN ATLAS INC,WAI.1,913340,No,,
29804,INVESCO LTD,IVZ,914208,Yes,,
29392,EASTMAN CHEMICAL CO,EMN,915389,Yes,,
29875,AVALONBAY COMMUNITIES INC,AVB,915912,No,,
29751,ALBEMARLE CORP,ALB,915913,No,,
29733,MARTIN MARIETTA MATERIALS,MLM,916076,Yes,,
29736,TRACTOR SUPPLY CO,TSCO,916365,Yes,,
63605,CALPINE CORP,8356B,916457,No,,
11555,INTEGRYS HOLDING INC,WEC3,916863,No,,
3255,UNICOM CORP,UCM.2,918040,No,,
29968,AK STEEL HOLDING CORP,AKS,918160,No,,
29791,QLOGIC CORP,QLGC,918386,No,,
30095,QUINTILES TRANSNATIONAL CORP,0573B,919623,No,,
14960,LABORATORY CP OF AMER HLDGS,LH,920148,Yes,,
63099,BROADVISION INC,BVSN,920448,No,,
30293,ESSEX PROPERTY TRUST,ESS,920522,Yes,,
6669,LENNAR CORP,LEN,920760,Yes,,
30203,ASCEND COMMUNICATIONS INC,ASND.1,921146,No,,
30344,SANTA FE PACIFIC GOLD CORP,GLD.2,921754,No,,
122015,HUDSON CITY BANCORP INC,HCBK,921847,Yes,,
8455,PPL CORP,PPL,922224,Yes,,
30383,CASE CORP,CSE.3,922321,No,,
30490,APARTMENT INVST & MGMT CO,AIV,922864,Yes,,
10580,TIMES MIRROR CO  -SER A,TMC,925260,No,,
61483,DAVITA INC,DVA,927066,Yes,,
30990,CAPITAL ONE FINANCIAL CORP,COF,927628,Yes,,
7171,MCKESSON CORP,MCK,927653,No,,
31122,APOLLO EDUCATION GROUP INC,APOL,929887,No,,
31166,GUIDANT CORP,GDT,929987,No,,
62655,DEAN FOODS CO,DF,931336,Yes,,
2490,BURLINGTON NORTHERN SANTA FE,BRK3,934612,Yes,,
31587,DOLLAR TREE INC,DLTR,935703,No,,
3897,DTE ENERGY CO,DTE,936340,Yes,,
64356,CIENA CORP,CIEN,936395,No,,
6774,LOCKHEED MARTIN CORP,LMT,936468,No,,
31846,DARDEN RESTAURANTS INC,DRI,940944,No,,
60894,CAMERON INTERNATIONAL CORP,CAM,941548,Yes,,
60979,WABTEC CORP,WAB,943452,No,,
31887,RESMED INC,RMD,943819,No,,
60992,SUNEDISON INC,SUNEQ,945436,No,,
20653,DENBURY RESOURCES INC,DNR,945764,Yes,,
64630,TAKE-TWO INTERACTIVE SFTWR,TTWO,946581,No,,
61409,DIAMOND OFFSHRE DRILLING INC,DO,949039,No,,
61413,UNION PACIFIC RESOURCES GRP,UPR.1,949061,No,,
11040,PHARMACIA & UPJOHN INC,PNU.1,949573,No,,
61513,SANDISK CORP,SNDK,1000180,No,,
61494,HENRY SCHEIN INC,HSIC,1000228,No,,
61574,WATERS CORP,WAT,1000697,No,,
31549,CAREMARK RX INC,CMX.1,1000736,Yes,,
60900,DISH NETWORK CORP,DISH,1001082,No,,
61738,ITT CORPORATION,ITT.1,1001149,No,,
61567,LAUDER (ESTEE) COS INC -CL A,EL,1001250,Yes,,
61552,LEXMARK INTL INC  -CL A,LXK,1001288,Yes,,
61591,NETAPP INC,NTAP,1002047,No,,
10860,AMEREN CORP,AEE,1002910,No,,
1837,SOUTHERN CO GAS,SO7,1004155,No,,
65886,AFFILIATED MANAGERS GRP INC,AMG,1004434,No,,
1995,CONSTELLATION ENERGY GRP INC,CEG,1004440,Yes,,
8804,NEW CENTURY ENERGIES INC,NCE.1,1004858,No,,
8264,PG&E CORP,PCG,1004980,Yes,,
10639,TOYS R US INC,1231B,1005414,Yes,,
62599,LUCENT TECHNOLOGIES INC,LU,1006240,Yes,,
63180,SIEBEL SYSTEMS INC,SEBL,1006835,No,,
5074,ELECTRONIC DATA SYSTEMS CORP,EDS.,1007456,Yes,,
62897,TUPPERWARE BRANDS CORP,TUP,1008654,Yes,,
62602,SAPIENT CORP,SAPE,1008817,No,,
140033,GENON ENERGY INC,GEN.3,1010775,Yes,,
62634,ALTABA INC,AABA,1011006,No,,
62984,TITANIUM METALS CORP,TIE,1011657,No,,
9555,SEALED AIR CORP,SEE,1012100,Yes,,
27766,WELLPOINT HEALTH NETWRKS INC,WLP.1,1013220,No,,
63080,ANSYS INC,ANSS,1013462,No,,
135990,NRG ENERGY INC,NRG,1013871,Yes,,
66368,VERISIGN INC,VRSN,1014473,No,,
63501,E TRADE FINANCIAL CORP,ETFC,1015780,No,,
63669,UNIVISION COMMUNICATIONS INC,5952B,1017008,Yes,,
64768,AMAZON.COM INC,AMZN,1018724,Yes,,
63643,ABERCROMBIE & FITCH  -CL A,ANF,1018840,Yes,,
10405,ALLEGHENY TECHNOLOGIES INC,ATI,1018963,Yes,,
63766,SABRE HOLDINGS CORP  -CL A,TSG.2,1020265,No,,
64156,MONSTER WORLDWIDE INC,MWW,1020416,No,,
62374,IRON MOUNTAIN INC,IRM,1020569,No,,
10576,TIME WARNER INC-OLD,TWX.1,1021387,No,,
63892,NATIONAL OILWELL VARCO INC,NOV,1021860,Yes,,
64166,QUEST DIAGNOSTICS INC,DGX,1022079,Yes,,
10507,ENERGY FUTURE HOLDINGS CORP,0033A,1023291,Yes,,
12151,COTY INC,COTY,1024305,No,,
6127,ENRON CORP,ENRNQ,1024401,Yes,,
9203,ROCKWELL AUTOMATION,ROK,1024478,Yes,,
10443,TENNECO INC,TEN,1024725,No,,
15208,FEDERAL HOME LOAN MORTG CORP,FMCC,1026214,No,,
4719,CHEMFIRST INC,CEM.2,1026601,No,,
110536,YOUNG & RUBICAM INC,YNR.1,1030048,No,,
8099,FIRSTENERGY CORP,FE,1031296,Yes,,
8272,SEMPRA ENERGY,SRE,1032208,Yes,,
121382,SBA COMMUNICATIONS CORP,SBAC,1034054,No,,
15247,VALERO ENERGY CORP,VLO,1035002,No,,
136725,INTUITIVE SURGICAL INC,ISRG,1035267,No,,
64821,ALEXANDRIA R E EQUITIES INC,ARE,1035443,No,,
2731,PROVIDIAN FINANCIAL CORP,PVN,1035713,Yes,,
5063,GENERAL INSTRUMENT CORP,GIC.3,1035881,Yes,,
15426,MORTON INTERNATIONAL INC,MII.3,1035972,No,,
64891,RALPH LAUREN CORP,RL,1037038,No,,
64925,BOSTON PROPERTIES INC,BXP,1037540,Yes,,
65772,METTLER-TOLEDO INTL INC,MTD,1037646,No,,
1598,AMETEK INC,AME,1037868,Yes,,
61489,QWEST COMMUNICATION INTL INC,Q.2,1037949,No,,
65048,EQUITY OFFICE PROPERTIES TR,EOP,1038339,Yes,,
14359,PIONEER NATURAL RESOURCES CO,PXD,1038357,Yes,,
110685,L3 TECHNOLOGIES INC,LLL,1039101,Yes,,
8151,ONEOK INC,OKE,1039684,Yes,,
2193,BEVERLY ENTERPRISES INC,BEV,1040441,No,,
65290,SL GREEN REALTY CORP,SLG,1040971,Yes,,
65417,YUM BRANDS INC,YUM,1041061,No,,
65554,POWER-ONE INC,PWER,1042825,No,,
12681,MEYER (FRED) INC,FMY.1,1043273,No,,
65609,C H ROBINSON WORLDWIDE INC,CHRW,1043277,Yes,,
121718,JUNIPER NETWORKS INC,JNPR,1043604,Yes,,
5250,GRACE (W R) & CO,GRA,1045309,Yes,,
29984,PROLOGIS INC,PLD,1045609,Yes,,
117768,NVIDIA CORP,NVDA,1045810,No,,
8972,RAYTHEON CO,RTN,1047122,Yes,,
112033,KING PHARMACEUTICALS INC,KG,1047699,No,,
3413,CONSOLIDATED EDISON INC,ED,1047862,Yes,,
28930,MARRIOTT INTL INC,MAR,1048286,No,,
121077,F5 NETWORKS INC,FFIV,1048695,No,,
4598,FEDEX CORP,FDX,1048911,Yes,,
66446,QUANTA SERVICES INC,PWR,1050915,No,,
113490,CROWN CASTLE INTL CORP,CCI,1051470,Yes,,
105365,AMERICAN TOWER CORP,AMT,1053507,Yes,,
66708,BROADCOM CORP,BRCM,1054374,No,,
23877,COVENTRY HEALTH CARE INC,CVH,1054833,Yes,,
66731,FEDERATED INVESTORS INC,FII,1056288,No,,
165914,CHIPOTLE MEXICAN GRILL INC,CMG,1058090,No,,
111864,COGNIZANT TECH SOLUTIONS,CTSH,1058290,No,,
139665,MOODY'S CORP,MCO,1059556,Yes,,
112168,REPUBLIC SERVICES INC,RSG,1060391,No,,
113491,GLOBAL CROSSING LTD,GLBC,1061322,No,,
113419,CONVERGYS CORP,CVG,1062047,Yes,,
6799,KEYSPAN CORP,KSE,1062379,No,,
29389,SIMON PROPERTY GROUP INC,SPG,1063761,No,,
142460,PEABODY ENERGY CORP,BTU,1064728,No,,
114524,EBAY INC,EBAY,1065088,No,,
147579,NETFLIX INC,NFLX,1065280,Yes,,
155394,LKQ CORP,LKQ,1065696,No,,
4242,EL PASO CORP,EP,1066107,Yes,,
114303,CONOCO INC,COC1,1066806,No,,
1998,BANK ONE CORP,ONE.1,1067092,No,,
66065,UNITED RENTALS INC,URI,1067701,Yes,,
2176,BERKSHIRE HATHAWAY,BRK.B,1067983,Yes,,
116526,CONEXANT SYSTEMS INC,CNXT.1,1069353,Yes,,
120093,CNX RESOURCES CORPORATION,CNX,1070412,Yes,,
7063,HOST HOTELS & RESORTS INC,HST,1070750,Yes,,
145552,CENTENE CORP,CNC,1071739,No,,
118577,LIFE TECHNOLOGIES CORP,LIFE.3,1073431,Yes,,
119314,BOOKING HOLDINGS INC,BKNG,1075531,Yes,,
119417,PEPSI BOTTLING GROUP INC,PBG,1076405,No,,
7892,NIAGARA MOHAWK HOLDINGS INC,NMK,1079182,No,,
5824,PEPSIAMERICAS INC,PAS,1084230,No,,
29356,VERITAS SOFTWARE CORP,VRTS.1,1084408,No,,
125595,AKAMAI TECHNOLOGIES INC,AKAM,1086222,Yes,,
122841,RED HAT INC,RHT,1087423,No,,
125533,PACTIV CORP,PTV,1089976,No,,
14934,DEVON ENERGY CORP,DVN,1090012,Yes,,
10920,UNITED PARCEL SERVICE INC,UPS,1090727,Yes,,
126554,AGILENT TECHNOLOGIES INC,A,1090872,Yes,,
126136,CHARTER COMMUNICATIONS INC,CHTR,1091667,No,,
2783,PROGRESS ENERGY INC,DUK8,1094093,Yes,,
61388,EVEREST RE GROUP LTD,RE,1095073,No,,
141384,ALIGN TECHNOLOGY INC,ALGN,1097149,No,,
133768,METLIFE INC,MET,1099219,Yes,,
133366,EDWARDS LIFESCIENCES CORP,EW,1099800,No,,
132502,PALM INC,PALM,1100389,No,,
143974,ALLIANCE DATA SYSTEMS CORP,ADS,1101215,Yes,,
138743,EQUINIX INC,EQIX,1101239,Yes,,
142953,MONDELEZ INTERNATIONAL INC,MDLZ,1103982,Yes,,
25056,TIME WARNER INC,TWX,1105705,No,,
157855,SALESFORCE.COM INC,CRM,1108524,Yes,,
154357,QEP RESOURCES INC,QEP,1108827,Yes,,
1762,ARMSTRONG HOLDINGS INC,3ACKH,1109304,No,,
8539,EXELON CORP,EXC,1109357,Yes,,
140760,MONSANTO CO,MON,1110783,No,,
138205,ILLUMINA INC,ILMN,1110803,Yes,,
136648,VISTEON CORP,VC,1111335,Yes,,
7974,NISOURCE INC,NI,1111711,Yes,,
175955,IPG PHOTONICS CORP,IPGP,1111928,No,,
12138,PRICE (T. ROWE) GROUP,TROW,1113169,Yes,,
4094,DUN & BRADSTREET CORP,DNB,1115222,Yes,,
140541,TAPESTRY INC,TPR,1116132,Yes,,
139662,AVAYA INC,5933B,1116521,Yes,,
149337,NASDAQ INC,NDAQ,1120193,No,,
141459,GARMIN LTD,GRMN,1121788,Yes,,
1177,AETNA INC,AET,1122304,Yes,,
141913,GLOBAL PAYMENTS INC,GPN,1123360,No,,
4818,FLUOR CORP,FLR,1124198,Yes,,
3480,CERIDIAN CORP,4622B,1124887,Yes,,
145701,PRINCIPAL FINANCIAL GRP INC,PFG,1126328,Yes,,
5742,CENTERPOINT ENERGY INC,CNP,1130310,Yes,,
4864,FOSTER WHEELER AG,FWLT,1130385,Yes,,
14275,FIRST REPUBLIC BANK,FRC,1132979,No,,
7985,NORTHROP GRUMMAN CORP,NOC,1133421,Yes,,
142811,FMC TECHNOLOGIES INC,FTI.1,1135152,Yes,,
8694,PEPCO HOLDINGS INC,POM,1135971,No,,
144559,ZIMMER BIOMET HOLDINGS INC,ZBH,1136869,Yes,,
165993,FIDELITY NATIONAL INFO SVCS,FIS,1136893,No,,
144066,ROCKWELL COLLINS,COL,1137411,Yes,,
143356,PRUDENTIAL FINANCIAL INC,PRU,1137774,No,,
150937,SEAGATE TECHNOLOGY PLC,STX,1137789,Yes,,
260774,CBRE GROUP INC,CBRE,1138118,Yes,,
134845,AT&T WIRELESS SERVICES INC,AWE.2,1138234,No,,
144009,WILLIS TOWERS WATSON PLC,WLTW,1140536,No,,
31673,AMERISOURCEBERGEN CORP,ABC,1140859,Yes,,
6403,KERR-MCGEE CORP,KMG.1,1141185,Yes,,
160225,MASTERCARD INC,MA,1141391,Yes,,
3497,COOPER INDUSTRIES PLC,CBE,1141982,Yes,,
146017,ACUITY BRANDS INC,AYI,1144215,No,,
145046,ANTHEM INC,ANTM,1156039,Yes,,
149070,CME GROUP INC,CME,1156375,No,,
145977,ADVANCE AUTO PARTS INC,AAP,1158449,No,,
11446,MEADWESTVACO CORP,MWV,1159297,No,,
8549,CONOCOPHILLIPS,COP,1163165,Yes,,
23978,UNITED STATES STEEL CORP,X,1163302,Yes,,
1661,NABORS INDUSTRIES LTD,NBR,1163739,Yes,,
7881,NEWMONT GOLDCORP CORP,NEM,1164727,No,,
8446,PENNEY (J C) CO,JCP,1166126,Yes,,
3226,COMCAST CORP,CMCSA,1166691,Yes,,
150699,CIMAREX ENERGY CO,XEC,1168054,No,,
64410,CARMAX INC,KMX,1170010,Yes,,
7186,MEDCO HEALTH SOLUTIONS INC,MHS,1170650,No,,
149738,CIT GROUP INC,CIT,1171825,No,,
149318,WYNN RESORTS LTD,WYNN,1174922,Yes,,
184700,FLEETCOR TECHNOLOGIES INC,FLT,1175454,No,,
3619,CROWN HOLDINGS INC,CCK,1219601,Yes,,
12603,CNO FINANCIAL GROUP INC,CNO,1224608,Yes,,
148349,TRANSDIGM GROUP INC,TDG,1260221,No,,
183377,FORTINET INC,FTNT,1262039,No,,
157057,ASSURANT INC,AIZ,1267238,Yes,,
157858,FREESCALE SEMICONDUCTOR INC,BX1,1272547,Yes,,
5342,MONEYGRAM INTERNATIONAL INC,MGI,1273931,No,,
160255,HOSPIRA INC,HSP,1274057,Yes,,
175404,FIRST SOLAR INC,FSLR,1274494,Yes,,
120877,REYNOLDS AMERICAN INC,RAI,1275283,No,,
158354,GENWORTH FINANCIAL INC,GNW,1276520,Yes,,
158742,MARKETAXESS HOLDINGS INC,MKTX,1278021,No,,
260778,WELLCARE HEALTH PLANS INC,WCG,1279363,No,,
4674,REGIONS FINANCIAL CORP,RF,1281761,Yes,,
174490,WINDSTREAM HOLDINGS INC,WINMQ,1282266,No,,
4462,NEWMARKET CORP,NEU,1282637,No,,
162129,MOSAIC CO,MOS,1285785,Yes,,
160479,EXTRA SPACE STORAGE INC,EXR,1289490,No,,
160991,DIGITAL REALTY TRUST INC,DLR,1297996,No,,
162448,ALPHA NATURAL RESOURCES INC,ANRZQ,1301063,No,,
162254,CELANESE CORP,CE,1306830,No,,
12886,TWENTY-FIRST CENTURY FOX INC,TFCFA,1308161,No,,
6307,SEARS HOLDINGS CORP,SHLDQ,1310067,No,,
163946,CF INDUSTRIES HOLDINGS INC,CF,1324404,No,,
126296,EXPEDIA GROUP INC,EXPE,1324424,Yes,,
4093,DUKE ENERGY CORP,DUK,1326160,Yes,,
145049,GAMESTOP CORP,GME,1326380,No,,
170617,FACEBOOK INC,FB,1326801,No,,
165052,UNDER ARMOUR INC,UAA,1336917,Yes,,
165123,LEIDOS HOLDINGS INC,LDOS,1336920,No,,
8692,POTLATCHDELTIC CORP,PCH,1338749,No,,
165675,VIACOM INC,VIAB,1339947,No,,
12142,ORACLE CORP,ORCL,1341439,Yes,,
174130,EMBARQ CORP,EQ.2,1350031,No,,
177884,CONCHO RESOURCES INC,CXO,1358071,No,,
175319,HANESBRANDS INC,HBI,1359841,Yes,,
174729,WYNDHAM DESTINATIONS INC,WYND,1361658,Yes,,
124434,BLACKROCK INC,BLK,1364742,Yes,,
175263,WESTERN UNION CO,WU,1365135,Yes,,
166451,NYSE EURONEXT,NYX,1368007,No,,
1239,ALBERTO-CULVER CO,ACV.1,1368457,Yes,,
8214,OWENS CORNING,OC,1370946,Yes,,
176282,SPECTRA ENERGY CORP,SE.7,1373835,No,,
184500,CBOE GLOBAL MARKETS INC,CBOE,1374310,No,,
176404,TIME WARNER CABLE INC,TWC,1377013,No,,
16245,PEOPLE'S UNITED FINL INC,PBCT,1378946,Yes,,
25495,DYNEGY INC,DYN,1379895,No,,
176928,BROADRIDGE FINANCIAL SOLUTNS,BR,1383312,No,,
177267,TE CONNECTIVITY LTD,TEL,1385157,Yes,,
177264,COVIDIEN PLC,COV,1385187,Yes,,
2019,BANK OF NEW YORK MELLON CORP,BK,1390777,Yes,,
10096,PUBLIC STORAGE,PSA,1393311,Yes,,
177376,DISCOVER FINANCIAL SVCS,DFS,1393612,No,,
11228,VULCAN MATERIALS CO,VMC,1396009,No,,
174022,REALOGY HOLDINGS CORP,RLGY,1398987,Yes,,
7067,MARSHALL & ILSLEY CORP,MI.1,1399315,Yes,,
3105,IHEARTMEDIA INC,IHTM,1400891,No,,
179534,VISA INC,V,1403161,Yes,,
178704,ULTA BEAUTY INC,ULTA,1403568,No,,
178507,MSCI INC,MSCI,1408198,No,,
2849,BBVA COMPASS BANCSHARES INC,BBVA1,1409775,No,,
179437,AMERICAN WATER WORKS CO INC,AWK,1410636,No,,
179621,PHILIP MORRIS INTERNATIONAL,PM,1413329,Yes,,
2085,BAUSCH & LOMB HLDGS  -REDH,6583B,1416436,No,,
18872,TWITTER INC,TWTR,1418091,No,,
28877,KEURIG DR PEPPER INC,KDP,1418135,Yes,,
147175,LORILLARD INC,LO,1424847,Yes,,
180167,SCRIPPS NETWORKS INTERACTIVE,SNI,1430602,No,,
164296,DISCOVERY INC,DISCA,1437107,Yes,,
180652,VERISK ANALYTICS INC,VRSK,1442145,Yes,,
28338,TRANSOCEAN LTD,RIG,1451505,Yes,,
180833,MEAD JOHNSON NUTRITION CO,MJN,1452575,No,,
183257,CAREFUSION CORP,CFN,1457543,Yes,,
11925,NOBLE CORP PLC,NE,1458891,Yes,,
12206,DIRECTV,DTV.2,1465112,No,,
5959,INGERSOLL-RAND PLC,IR,1466258,No,,
143357,ACCENTURE PLC,ACN,1467373,Yes,,
5073,GENERAL MOTORS CO,GM,1467858,Yes,,
17928,IQVIA HOLDINGS INC,IQV,1478242,No,,
5968,RYERSON HOLDING CORP,RYI,1481582,No,,
294524,LYONDELLBASELL INDUSTRIES NV,LYB,1489393,No,,
100873,NIELSEN HOLDINGS PLC,NLSN,1492633,Yes,,
186106,MOTOROLA MOBILITY HLDGS INC,MMI.3,1495569,No,,
186310,HUNTINGTON INGALLS IND INC,HII,1501585,No,,
6310,KINDER MORGAN INC,KMI,1506307,Yes,,
186989,MARATHON PETROLEUM CORP,MPC,1510295,Yes,,
104432,NORWEGIAN CRUISE LINE HLDGS,NCLH,1513761,No,,
187128,WPX ENERGY INC,WPX,1518832,Yes,,
188255,FORTUNE BRANDS HOME & SECUR,FBHS,1519751,No,,
118122,APTIV PLC,APTV,1521332,Yes,,
189491,XYLEM INC,XYL,1524472,Yes,,
199356,TRIPADVISOR INC,TRIP,1526520,Yes,,
198058,CAPRI HOLDINGS LTD,CPRI,1530721,Yes,,
25356,EXPRESS SCRIPTS HOLDING CO,ESRX,1532063,No,,
170841,PHILLIPS 66,PSX,1534701,Yes,,
170750,DIAMONDBACK ENERGY INC,FANG,1539838,No,,
12978,KRAFT FOODS GROUP INC,KRFT,1545158,Yes,,
14438,ADT CORP,ADT.4,1546640,No,,
16101,ABBVIE INC,ABBV,1551152,Yes,,
4199,EATON CORP PLC,ETN,1551182,Yes,,
8787,ARCHSTONE INC-REDH,ASN,1555218,No,,
13721,ZOETIS INC,ZTS,1555280,Yes,,
18043,NEWS CORP,NWSA,1564708,Yes,,
18086,MALLINCKRODT PLC,MNK,1567892,Yes,,
163610,INTERCONTINENTAL EXCHANGE,ICE,1571949,Yes,,
14489,DELL TECHNOLOGIES INC,DELL,1571996,Yes,,
27845,ALLERGAN PLC,AGN,1578845,No,,
316056,ALLEGION PLC,ALLE,1579241,Yes,,
24782,PERRIGO CO PLC,PRGO,1585364,Yes,,
5643,HILTON WORLDWIDE HOLDINGS,HLT,1585689,Yes,,
63645,ENDO INTERNATIONAL PLC,ENDP,1593034,Yes,,
10121,NAVIENT CORP,NAVI,1593538,Yes,,
63800,IMS HEALTH HOLDINGS INC,IMS,1595262,Yes,,
20748,ARISTA NETWORKS INC,ANET,1596532,No,,
162906,IHS MARKIT LTD,INFO,1598014,No,,
20232,KEYSIGHT TECHNOLOGIES INC,KEYS,1601046,No,,
20686,SYNCHRONY FINANCIAL,SYF,1601712,Yes,,
4367,WEATHERFORD INTL PLC,WFTIF,1603923,No,,
64853,QORVO INC,QRVO,1604778,Yes,,
10787,TYCO INTERNATIONAL PLC,TYC,1608109,No,,
7228,MEDTRONIC PLC,MDT,1613103,Yes,,
11264,WALGREENS BOOTS ALLIANCE INC,WBA,1618921,No,,
22734,BAXALTA INC,BXLT,1620546,No,,
7637,MYLAN NV,MYL,1623613,Yes,,
23827,COLUMBIA PIPELINE GROUP INC,CPGX,1629995,No,,
24616,PAYPAL HOLDINGS INC,PYPL,1633917,Yes,,
5568,KRAFT HEINZ CO,KHC,1637459,No,,
26156,HEWLETT PACKARD ENTERPRISE,HPE,1645590,Yes,,
26304,CSRA INC,CSRA,1646383,Yes,,
12756,COCA-COLA EUROPEAN PARTNERS,CCEP,1650107,No,,
26410,FOUR CORNERS PROPERTY TR INC,FCPT,1650132,No,,
160329,ALPHABET INC,GOOGL,1652044,Yes,,
27119,INGEVITY CORP,NGVT,1653477,No,,
26590,FORTIVE CORP,FTV,1659166,No,,
26709,VERSUM MATERIALS INC,VSM,1660690,No,,
4060,DUPONT  DE NEMOURS INC,DD,1666700,No,,
27333,ADIENT PLC,ADNT,1670541,No,,
28499,YUM CHINA HOLDINGS INC,YUMC,1673358,No,,
28070,ADVANSIX INC,ASIX,1673985,No,,
1794,ASHLAND GLOBAL HOLDINGS INC,ASH,1674862,Yes,,
27638,ALCOA CORP,AA,1675149,No,,
27800,QUALITY CARE PROPERTIES INC,QCP,1677203,No,,
28719,CONDUENT INC,CNDT,1677703,No,,
65967,ENVISION HEALTHCARE CORP,EVHC,1678531,No,,
28790,LAMB WESTON HOLDINGS INC,LW,1679273,No,,
30923,TECHNIPFMC PLC,FTI,1681459,No,,
29004,VAREX IMAGING CORP,VREX,1681622,No,,
29819,BIOVERATIV INC,BIVV,1681689,No,,
29155,CARS.COM INC,CARS,1683606,No,,
31774,BRIGHTHOUSE FINANL INC,BHF,1685040,No,,
3336,DXC TECHNOLOGY CO,DXC,1688568,Yes,,
32154,JBG SMITH PPTYS,JBGS,1689796,No,,
32106,BAKER HUGHES A GE CO,BHGE,1701605,No,,
12485,ALTICE USA INC,ATUS,1702780,Yes,,
31802,DELPHI TECHNOLOGIES PLC,DLPH,1707092,No,,
25124,LINDE PLC,LIN,1707925,No,,
6338,EVERGY INC,EVRG,1711269,No,,
326688,NVENT ELECTRIC PLC,NVT,1720635,No,,
33326,APERGY CORP,APY,1723089,No,,
33439,PERSPECTA INC,PRSP,1724670,No,,
180711,BROADCOM INC,AVGO,1730168,Yes,,
29830,WESTROCK CO,WRK,1732845,No,,
2547,CIGNA CORP,CI,1739940,Yes,,
3980,DISNEY (WALT) CO,DIS,1744489,No,,
34443,DOW INC,DOW,1751788,No,,
34765,COVETRUS INC,CVET,1752836,No,,
34636,FOX CORP,FOXA,1754301,No,,
35168,CORTEVA INC- SPN,CTVA,1755672,No,,
35035,KONTOOR BRANDS INC,KTB,1760965,No,,
